LOCATION,c_pval,t_pval
CTCF,0.428387354416055,0.280394608576879
E,5.07348860748493e-05,0.114021462606117
PF,0.209356452688734,0.272981809051537
R,3.13956452262202e-41,0.0984859662210007
T,2.27851465337042e-36,0.936198464454837
TSS,6.7129784399279e-21,0.653748393583676
WE,0.00489731173334358,0.409317281113841
