per_tag_all,per_tag_cis,per_tag_trans,loc
0.000693685187025809,0.00784313725490196,0,spliceSite
0.570971242089918,0.717647058823529,0.558064516129032,intron
0.010958155252957,0.0862745098039216,0.00645161290322581,fiveUTR
0.0312800251797369,0.168627450980392,0.0290322580645161,threeUTR
0.0325348706225359,0.16078431372549,0.0258064516129032,coding
0.45548197660935,0.36078431372549,0.451612903225806,intergenic
0.132529072656794,0.427450980392157,0.129032258064516,promoter
