all,cis,trans,loc
0.0443272935594819,0.0546218487394958,0.0309597523219814,CTCF
0.0209010231284526,0.0672268907563025,0.0340557275541796,E
0.000986521673488212,0.00420168067226891,0.00309597523219814,PF
0.884148851022818,0.533613445378151,0.854489164086687,R
0.140772713265511,0.483193277310924,0.142414860681115,T
0.0160056419939733,0.138655462184874,0.0185758513931889,TSS
0.0108662156656333,0.0336134453781513,0.0154798761609907,WE
